cohort,N_total,n_rank_selection,n_inner_train_approx,p,q,true_rank,population_R2,per_direction_variance_share,spectrum,seeds,observed_cohort_R2,observed_cohort_rank,median_selected_rank,mean_selected_rank,exact_rank_rate,rank_zero_rate,fraction_true_directions_retained,median_cv_R2,mean_cv_R2
Erawijantari gastric cancer,96,77,62,24,24,2,0.02,0.01,equal,100,0.064,2,0.0,0.0,0.0,1.0,0.0,0.0,0.0
Erawijantari gastric cancer,96,77,62,24,24,2,0.05,0.025,equal,100,0.064,2,0.0,0.23,0.02,0.79,0.115,0.0,0.0025120631983983786
Erawijantari gastric cancer,96,77,62,24,24,2,0.1,0.05,equal,100,0.064,2,2.0,1.65,0.67,0.06,0.815,0.036110582936717095,0.03603626731110933
Erawijantari gastric cancer,96,77,62,24,24,2,0.15,0.075,equal,100,0.064,2,2.0,1.98,0.98,0.0,0.99,0.0830998204305678,0.0861884403857953
Erawijantari gastric cancer,96,77,62,24,24,2,0.2,0.1,equal,100,0.064,2,2.0,2.0,0.98,0.0,0.995,0.13693952557317085,0.13888622228804676
Erawijantari gastric cancer,96,77,62,24,24,2,0.3,0.15,equal,100,0.064,2,2.0,2.0,1.0,0.0,1.0,0.24159181860798395,0.24437624906060715
Erawijantari gastric cancer,96,77,62,24,24,2,0.5,0.25,equal,100,0.064,2,2.0,2.0,1.0,0.0,1.0,0.4425522501001287,0.4421819195532158
Erawijantari gastric cancer,96,77,62,24,24,10,0.02,0.002,equal,100,0.064,2,0.0,0.0,0.0,1.0,0.0,0.0,0.0
Erawijantari gastric cancer,96,77,62,24,24,10,0.05,0.005,equal,100,0.064,2,0.0,0.0,0.0,1.0,0.0,0.0,0.0
Erawijantari gastric cancer,96,77,62,24,24,10,0.1,0.01,equal,100,0.064,2,0.0,0.07,0.0,0.95,0.006999999999999999,0.0,0.00035892113423633966
Erawijantari gastric cancer,96,77,62,24,24,10,0.15,0.015,equal,100,0.064,2,0.0,0.65,0.0,0.63,0.065,0.0,0.0038966238330555626
Erawijantari gastric cancer,96,77,62,24,24,10,0.2,0.02,equal,100,0.064,2,1.0,2.15,0.0,0.39,0.215,0.007845137738968277,0.013393438452845295
Erawijantari gastric cancer,96,77,62,24,24,10,0.3,0.03,equal,100,0.064,2,9.0,8.62,0.25,0.0,0.851,0.08961679460434874,0.09074179755957724
Erawijantari gastric cancer,96,77,62,24,24,10,0.5,0.05,equal,100,0.064,2,10.0,10.28,0.79,0.0,1.0,0.34655473596710756,0.34753962742567096
Franzosa IBD,220,176,141,24,24,2,0.02,0.01,equal,100,0.215,5,0.0,0.14,0.01,0.87,0.07,0.0,0.000410772111398231
Franzosa IBD,220,176,141,24,24,2,0.05,0.025,equal,100,0.215,5,2.0,1.62,0.69,0.07,0.81,0.017096329586394066,0.017189898137898688
Franzosa IBD,220,176,141,24,24,2,0.1,0.05,equal,100,0.215,5,2.0,2.0,1.0,0.0,1.0,0.06881334529121452,0.07158665255557269
Franzosa IBD,220,176,141,24,24,2,0.15,0.075,equal,100,0.215,5,2.0,2.0,1.0,0.0,1.0,0.12534160985003173,0.12392688026434075
Franzosa IBD,220,176,141,24,24,2,0.2,0.1,equal,100,0.215,5,2.0,2.0,1.0,0.0,1.0,0.17446756641630573,0.17329407458456333
Franzosa IBD,220,176,141,24,24,2,0.3,0.15,equal,100,0.215,5,2.0,2.0,1.0,0.0,1.0,0.27955266829151304,0.27978316064673003
Franzosa IBD,220,176,141,24,24,2,0.5,0.25,equal,100,0.215,5,2.0,2.0,1.0,0.0,1.0,0.48357269789883117,0.4827452748325131
Franzosa IBD,220,176,141,24,24,10,0.02,0.002,equal,100,0.215,5,0.0,0.0,0.0,1.0,0.0,0.0,0.0
Franzosa IBD,220,176,141,24,24,10,0.05,0.005,equal,100,0.215,5,0.0,0.01,0.0,0.99,0.001,0.0,1.5614239092966996e-05
Franzosa IBD,220,176,141,24,24,10,0.1,0.01,equal,100,0.215,5,0.0,0.98,0.0,0.69,0.098,0.0,0.002302930541228727
Franzosa IBD,220,176,141,24,24,10,0.15,0.015,equal,100,0.215,5,9.0,8.48,0.27,0.0,0.8280000000000001,0.029898654046431217,0.031152518098498047
Franzosa IBD,220,176,141,24,24,10,0.2,0.02,equal,100,0.215,5,10.0,9.84,0.67,0.0,0.9710000000000001,0.08959449486237586,0.09032711176693517
Franzosa IBD,220,176,141,24,24,10,0.3,0.03,equal,100,0.215,5,10.0,10.06,0.94,0.0,1.0,0.20904233595580995,0.20906667958337682
Franzosa IBD,220,176,141,24,24,10,0.5,0.05,equal,100,0.215,5,10.0,10.01,0.99,0.0,1.0,0.43767348524162697,0.4369449624204175
He infants,277,222,178,24,24,2,0.02,0.01,equal,100,0.091,2,0.0,0.24,0.04,0.8,0.12,0.0,0.0005230801084949932
He infants,277,222,178,24,24,2,0.05,0.025,equal,100,0.091,2,2.0,1.97,0.95,0.0,0.98,0.024722876676821826,0.02405587314334123
He infants,277,222,178,24,24,2,0.1,0.05,equal,100,0.091,2,2.0,2.0,1.0,0.0,1.0,0.07731819622669067,0.0774323122616227
He infants,277,222,178,24,24,2,0.15,0.075,equal,100,0.091,2,2.0,2.0,1.0,0.0,1.0,0.128308032748275,0.13031424715420056
He infants,277,222,178,24,24,2,0.2,0.1,equal,100,0.091,2,2.0,2.0,1.0,0.0,1.0,0.1840580174027272,0.18296733482384944
He infants,277,222,178,24,24,2,0.3,0.15,equal,100,0.091,2,2.0,2.0,1.0,0.0,1.0,0.27983430961175565,0.28011570607811787
He infants,277,222,178,24,24,2,0.5,0.25,equal,100,0.091,2,2.0,2.0,1.0,0.0,1.0,0.48287406541006644,0.4840042726337416
He infants,277,222,178,24,24,10,0.02,0.002,equal,100,0.091,2,0.0,0.0,0.0,1.0,0.0,0.0,0.0
He infants,277,222,178,24,24,10,0.05,0.005,equal,100,0.091,2,0.0,0.07,0.0,0.93,0.006999999999999999,0.0,0.00012516125253726916
He infants,277,222,178,24,24,10,0.1,0.01,equal,100,0.091,2,4.0,4.01,0.05,0.27,0.4,0.004736611706154414,0.007720656119986209
He infants,277,222,178,24,24,10,0.15,0.015,equal,100,0.091,2,10.0,9.81,0.58,0.0,0.9610000000000001,0.05729139301743297,0.056400909870568026
He infants,277,222,178,24,24,10,0.2,0.02,equal,100,0.091,2,10.0,10.07,0.82,0.0,0.9930000000000001,0.11452909842787601,0.11524645935306933
He infants,277,222,178,24,24,10,0.3,0.03,equal,100,0.091,2,10.0,10.02,0.98,0.0,1.0,0.23200346748684908,0.23250561737023484
He infants,277,222,178,24,24,10,0.5,0.05,equal,100,0.091,2,10.0,10.03,0.97,0.0,1.0,0.4538465519519095,0.4524648229177199
Jacobs IBD families,90,72,58,24,24,2,0.02,0.01,equal,100,0.112,1,0.0,0.02,0.0,0.98,0.01,0.0,5.7477982924452055e-05
Jacobs IBD families,90,72,58,24,24,2,0.05,0.025,equal,100,0.112,1,0.0,0.28,0.08,0.8,0.14,0.0,0.00201079688320321
Jacobs IBD families,90,72,58,24,24,2,0.1,0.05,equal,100,0.112,1,2.0,1.53,0.61,0.08,0.765,0.02803463902129749,0.02956596148404915
Jacobs IBD families,90,72,58,24,24,2,0.15,0.075,equal,100,0.112,1,2.0,1.94,0.92,0.0,0.965,0.080790482199885,0.08149175979938979
Jacobs IBD families,90,72,58,24,24,2,0.2,0.1,equal,100,0.112,1,2.0,2.01,0.95,0.0,0.99,0.13848153187934248,0.13722832263194698
Jacobs IBD families,90,72,58,24,24,2,0.3,0.15,equal,100,0.112,1,2.0,2.0,1.0,0.0,1.0,0.23728766741615076,0.2390632041723279
Jacobs IBD families,90,72,58,24,24,2,0.5,0.25,equal,100,0.112,1,2.0,2.01,0.99,0.0,1.0,0.4401908609590163,0.43825403337520286
Jacobs IBD families,90,72,58,24,24,10,0.02,0.002,equal,100,0.112,1,0.0,0.0,0.0,1.0,0.0,0.0,0.0
Jacobs IBD families,90,72,58,24,24,10,0.05,0.005,equal,100,0.112,1,0.0,0.02,0.0,0.98,0.002,0.0,5.7712861034219244e-05
Jacobs IBD families,90,72,58,24,24,10,0.1,0.01,equal,100,0.112,1,0.0,0.04,0.0,0.96,0.004,0.0,0.00034746123241931494
Jacobs IBD families,90,72,58,24,24,10,0.15,0.015,equal,100,0.112,1,0.0,0.44,0.0,0.72,0.044,0.0,0.0025552382650622795
Jacobs IBD families,90,72,58,24,24,10,0.2,0.02,equal,100,0.112,1,1.0,1.65,0.01,0.45,0.165,0.0031739843499465348,0.009103049179581485
Jacobs IBD families,90,72,58,24,24,10,0.3,0.03,equal,100,0.112,1,8.0,8.45,0.14,0.0,0.82,0.09010653408942054,0.08826940016463546
Jacobs IBD families,90,72,58,24,24,10,0.5,0.05,equal,100,0.112,1,10.0,10.19,0.64,0.0,0.9880000000000001,0.3351987140686699,0.33094717619686703
Kang autism,44,35,28,24,24,2,0.02,0.01,equal,100,-0.015,1,0.0,0.08,0.0,0.94,0.035,0.0,0.0003687225809865491
Kang autism,44,35,28,24,24,2,0.05,0.025,equal,100,-0.015,1,0.0,0.11,0.01,0.9,0.055,0.0,0.0014234648985343933
Kang autism,44,35,28,24,24,2,0.1,0.05,equal,100,-0.015,1,1.0,0.81,0.18,0.39,0.4,0.00660589268520001,0.012756779546343168
Kang autism,44,35,28,24,24,2,0.15,0.075,equal,100,-0.015,1,1.0,1.26,0.37,0.19,0.61,0.03231145837700167,0.03540139308107402
Kang autism,44,35,28,24,24,2,0.2,0.1,equal,100,-0.015,1,2.0,1.78,0.66,0.01,0.85,0.07900130501665531,0.07854484381677845
Kang autism,44,35,28,24,24,2,0.3,0.15,equal,100,-0.015,1,2.0,1.99,0.89,0.01,0.965,0.15276794937123467,0.1496619977972571
Kang autism,44,35,28,24,24,2,0.5,0.25,equal,100,-0.015,1,2.0,2.04,0.94,0.0,0.99,0.3251366600718511,0.3214972931297499
Kang autism,44,35,28,24,24,10,0.02,0.002,equal,100,-0.015,1,0.0,0.05,0.0,0.96,0.005,0.0,0.0002493664768768811
Kang autism,44,35,28,24,24,10,0.05,0.005,equal,100,-0.015,1,0.0,0.04,0.0,0.96,0.004,0.0,0.0003307640113036026
Kang autism,44,35,28,24,24,10,0.1,0.01,equal,100,-0.015,1,0.0,0.11,0.0,0.9,0.011000000000000001,0.0,0.0015621458357714625
Kang autism,44,35,28,24,24,10,0.15,0.015,equal,100,-0.015,1,0.0,0.36,0.0,0.73,0.036000000000000004,0.0,0.003856883717770476
Kang autism,44,35,28,24,24,10,0.2,0.02,equal,100,-0.015,1,0.0,0.84,0.0,0.61,0.084,0.0,0.0060496068158599715
Kang autism,44,35,28,24,24,10,0.3,0.03,equal,100,-0.015,1,2.0,3.34,0.01,0.2,0.331,0.026096854451525486,0.03398902322480282
Kang autism,44,35,28,24,24,10,0.5,0.05,equal,100,-0.015,1,10.0,9.81,0.13,0.0,0.92,0.19856705870630542,0.1986934740766675
Wandro preterms,75,60,48,24,24,2,0.02,0.01,equal,100,0.181,1,0.0,0.01,0.0,0.99,0.005,0.0,6.299960337687871e-06
Wandro preterms,75,60,48,24,24,2,0.05,0.025,equal,100,0.181,1,0.0,0.24,0.01,0.77,0.12,0.0,0.0027739272171801934
Wandro preterms,75,60,48,24,24,2,0.1,0.05,equal,100,0.181,1,1.0,1.15,0.38,0.23,0.575,0.020496713524175536,0.023466855593801496
Wandro preterms,75,60,48,24,24,2,0.15,0.075,equal,100,0.181,1,2.0,1.84,0.86,0.02,0.92,0.06096293111905615,0.06643112316367829
Wandro preterms,75,60,48,24,24,2,0.2,0.1,equal,100,0.181,1,2.0,1.95,0.95,0.0,0.975,0.12118920588915427,0.11947146792736371
Wandro preterms,75,60,48,24,24,2,0.3,0.15,equal,100,0.181,1,2.0,2.01,0.99,0.0,1.0,0.22307821548773182,0.22221527412069048
Wandro preterms,75,60,48,24,24,2,0.5,0.25,equal,100,0.181,1,2.0,2.02,0.98,0.0,1.0,0.426207207441019,0.42471557429506857
Wandro preterms,75,60,48,24,24,10,0.02,0.002,equal,100,0.181,1,0.0,0.01,0.0,0.99,0.001,0.0,5.47308855282147e-05
Wandro preterms,75,60,48,24,24,10,0.05,0.005,equal,100,0.181,1,0.0,0.01,0.0,0.99,0.001,0.0,6.166790443547621e-05
Wandro preterms,75,60,48,24,24,10,0.1,0.01,equal,100,0.181,1,0.0,0.11,0.0,0.92,0.011000000000000001,0.0,0.0007116977882191023
Wandro preterms,75,60,48,24,24,10,0.15,0.015,equal,100,0.181,1,0.0,0.39,0.0,0.74,0.03900000000000001,0.0,0.0029421702099698297
Wandro preterms,75,60,48,24,24,10,0.2,0.02,equal,100,0.181,1,0.0,1.33,0.0,0.57,0.131,0.0,0.007303353011437591
Wandro preterms,75,60,48,24,24,10,0.3,0.03,equal,100,0.181,1,7.0,7.13,0.05,0.0,0.696,0.05743467316672041,0.060887023863694524
Wandro preterms,75,60,48,24,24,10,0.5,0.05,equal,100,0.181,1,10.0,10.29,0.53,0.0,0.985,0.2997727981047984,0.29773356697520936
Wang ESRD,287,230,184,24,24,2,0.02,0.01,equal,100,0.096,2,0.0,0.19,0.03,0.84,0.095,0.0,0.0004042867395863181
Wang ESRD,287,230,184,24,24,2,0.05,0.025,equal,100,0.096,2,2.0,2.0,0.98,0.0,0.995,0.02715342961970868,0.026669885667768987
Wang ESRD,287,230,184,24,24,2,0.1,0.05,equal,100,0.096,2,2.0,2.0,1.0,0.0,1.0,0.07747795758501475,0.07891956839628886
Wang ESRD,287,230,184,24,24,2,0.15,0.075,equal,100,0.096,2,2.0,2.0,1.0,0.0,1.0,0.12959444663064623,0.13081088026799523
Wang ESRD,287,230,184,24,24,2,0.2,0.1,equal,100,0.096,2,2.0,2.0,1.0,0.0,1.0,0.181323002022379,0.1816732892161183
Wang ESRD,287,230,184,24,24,2,0.3,0.15,equal,100,0.096,2,2.0,2.0,1.0,0.0,1.0,0.2803211892727544,0.2809785951601901
Wang ESRD,287,230,184,24,24,2,0.5,0.25,equal,100,0.096,2,2.0,2.0,1.0,0.0,1.0,0.4849217096895783,0.48673854407166706
Wang ESRD,287,230,184,24,24,10,0.02,0.002,equal,100,0.096,2,0.0,0.01,0.0,0.99,0.001,0.0,1.9992656142775457e-06
Wang ESRD,287,230,184,24,24,10,0.05,0.005,equal,100,0.096,2,0.0,0.05,0.0,0.95,0.005,0.0,0.0001727660984164747
Wang ESRD,287,230,184,24,24,10,0.1,0.01,equal,100,0.096,2,4.0,4.42,0.11,0.27,0.43900000000000006,0.007841974896735604,0.00960050622945139
Wang ESRD,287,230,184,24,24,10,0.15,0.015,equal,100,0.096,2,10.0,9.77,0.59,0.0,0.9620000000000001,0.057380243593811775,0.058978552115062
Wang ESRD,287,230,184,24,24,10,0.2,0.02,equal,100,0.096,2,10.0,10.05,0.87,0.0,0.995,0.11914815301564585,0.11772863907757218
Wang ESRD,287,230,184,24,24,10,0.3,0.03,equal,100,0.096,2,10.0,10.02,0.98,0.0,1.0,0.2352090205627666,0.23492205300729918
Wang ESRD,287,230,184,24,24,10,0.5,0.05,equal,100,0.096,2,10.0,10.0,1.0,0.0,1.0,0.45078621289060855,0.45086865713864266
Yachida CRC,347,278,222,24,24,2,0.02,0.01,equal,100,0.098,2,0.0,0.39,0.06,0.67,0.195,0.0,0.0010521571189761837
Yachida CRC,347,278,222,24,24,2,0.05,0.025,equal,100,0.098,2,2.0,2.0,1.0,0.0,1.0,0.03103327227844488,0.03003677051281028
Yachida CRC,347,278,222,24,24,2,0.1,0.05,equal,100,0.098,2,2.0,2.0,1.0,0.0,1.0,0.0831298566888487,0.08371376574409012
Yachida CRC,347,278,222,24,24,2,0.15,0.075,equal,100,0.098,2,2.0,2.0,1.0,0.0,1.0,0.13505611319766048,0.13477414292718964
Yachida CRC,347,278,222,24,24,2,0.2,0.1,equal,100,0.098,2,2.0,2.0,1.0,0.0,1.0,0.18392816951699315,0.18561596075472855
Yachida CRC,347,278,222,24,24,2,0.3,0.15,equal,100,0.098,2,2.0,2.0,1.0,0.0,1.0,0.286584977704888,0.28732270568459517
Yachida CRC,347,278,222,24,24,2,0.5,0.25,equal,100,0.098,2,2.0,2.0,1.0,0.0,1.0,0.4933623164881896,0.49218674926346573
Yachida CRC,347,278,222,24,24,10,0.02,0.002,equal,100,0.098,2,0.0,0.0,0.0,1.0,0.0,0.0,0.0
Yachida CRC,347,278,222,24,24,10,0.05,0.005,equal,100,0.098,2,0.0,0.16,0.0,0.86,0.016,0.0,0.00029993482394823025
Yachida CRC,347,278,222,24,24,10,0.1,0.01,equal,100,0.098,2,9.0,8.77,0.31,0.02,0.8590000000000001,0.018012754159314748,0.02008408594840369
Yachida CRC,347,278,222,24,24,10,0.15,0.015,equal,100,0.098,2,10.0,10.06,0.84,0.0,0.9940000000000001,0.07896285304842454,0.0784315171310672
Yachida CRC,347,278,222,24,24,10,0.2,0.02,equal,100,0.098,2,10.0,10.05,0.95,0.0,1.0,0.1353701607225708,0.13601184088629378
Yachida CRC,347,278,222,24,24,10,0.3,0.03,equal,100,0.098,2,10.0,10.01,0.99,0.0,1.0,0.24659091054884846,0.246690110769417
Yachida CRC,347,278,222,24,24,10,0.5,0.05,equal,100,0.098,2,10.0,10.0,1.0,0.0,1.0,0.46023621142671395,0.4614458886908175
